<job>
    <executable>my_echo</executable>
    <directory>${GLOBUS_USER_HOME}</directory>
    <argument>Hello</argument>
    <argument>World!</argument>
    <stdout>${GLOBUS_USER_HOME}/stdout</stdout>
    <stderr>${GLOBUS_USER_HOME}/stderr</stderr>
    <fileStageIn>
        <transfer>
            <sourceUrl>gsiftp://job.submitting.host:2811/bin/echo</sourceUrl>
            <destinationUrl>file:///${GLOBUS_USER_HOME}/my_echo</destinationUrl>
        </transfer>
    </fileStageIn>
    <fileStageOut>
        <transfer>
            <sourceUrl>file:///${GLOBUS_USER_HOME}/stdout</sourceUrl>
            <destinationUrl>gsiftp://job.submitting.host:2811/tmp/stdout</destinationUrl>
        </transfer>
    </fileStageOut>
    <fileCleanUp>
        <deletion>
            <file>file:///${GLOBUS_USER_HOME}/my_echo</file>
        </deletion>
    </fileCleanUp>
</job>
