<!--
Ejecutar con:
	globusrun-ws -submit -F https://gridimadrid.ciemat.es:8443/wsrf/services/ManagedJobFactoryService -J -S -f filtro_bmp_expand.xml
O simplemente:
	globusrun-ws -submit -F gridimadrid.ciemat.es -J -S -f filtro_bmp_expand.xml
-->
<job>
    <executable>bmp_est_expand_4KB</executable>
    <directory>${GLOBUS_USER_HOME}</directory>
    <argument>/PNFS/earth8k-BM-col-bmp-um.xpn.bmp</argument>
    <argument>/PNFS/earth8k-BM-col-bmp-um2.xpn.bmp</argument>
    <environment>
        <name>LD_LIBRARY_PATH</name>
        <value>/usr/local/globus/lib</value>
    </environment>
    <environment>
        <name>XPN_CONF</name>
        <value>${GLOBUS_USER_HOME}</value>
    </environment>
    <stdout>${GLOBUS_USER_HOME}/stdout</stdout>
    <stderr>${GLOBUS_USER_HOME}/stderr</stderr>
    <fileStageIn>
        <transfer>
            <sourceUrl>gsiftp://cormoran.arcos.inf.uc3m.es/grid/bmp_est_expand_4KB</sourceUrl>
            <destinationUrl>file:///${GLOBUS_USER_HOME}/bmp_est_expand_4KB</destinationUrl>
        </transfer>
        <transfer>
            <sourceUrl>gsiftp://cormoran.arcos.inf.uc3m.es/grid/conf/xpn.conf</sourceUrl>
            <destinationUrl>file:///${GLOBUS_USER_HOME}/conf/xpn.conf</destinationUrl>
        </transfer>
    </fileStageIn>
    <fileCleanUp>
        <deletion>
            <file>file:///${GLOBUS_USER_HOME}/bmp_est_expand_4KB</file>
        </deletion>
        <deletion>
            <file>file:///${GLOBUS_USER_HOME}/conf/xpn.conf</file>
        </deletion>
    </fileCleanUp>
</job>
